birthDate,draftOverall,draftYear,height,nationalityCode,playerId,shootsCatches,weight,positionCode,Name
1992-12-09,,,73,USA,8479312,L,199,G,Alex Lyon
1995-04-29,44.0,2013.0,76,CAN,8477465,L,201,G,Tristan Jarry
1992-08-19,,,75,CZE,8479496,L,200,G,David Rittich
1994-01-20,45.0,2012.0,78,USA,8476932,L,248,G,Anthony Stolarz
1995-04-19,99.0,2013.0,71,FIN,8477424,L,180,G,Juuse Saros
1996-01-09,39.0,2014.0,74,CZE,8477970,L,184,G,Vitek Vanecek
2000-05-12,136.0,2018.0,77,CHE,8481033,L,190,G,Akira Schmid
1996-12-09,42.0,2015.0,76,CAN,8478406,L,225,G,Mackenzie Blackwood
1999-06-25,36.0,2019.0,75,RUS,8481611,L,196,G,Pyotr Kochetkov
1993-05-19,130.0,2012.0,76,USA,8476945,L,207,G,Connor Hellebuyck
1994-07-25,19.0,2012.0,76,RUS,8476883,L,223,G,Andrei Vasilevskiy
1993-07-11,88.0,2011.0,74,CAN,8476412,L,172,G,Jordan Binnington
1996-08-19,199.0,2015.0,74,USA,8478916,L,201,G,Joey Daccord
1990-01-31,31.0,2008.0,78,SWE,8474593,L,207,G,Jacob Markstrom
2001-03-22,156.0,2019.0,76,LVA,8481668,L,208,G,Arturs Silovs
2003-05-20,222.0,2021.0,73,SWE,8482761,L,186,G,Carl Lindbom
1989-10-02,87.0,2012.0,76,DNK,8475883,L,229,G,Frederik Andersen
1992-11-27,188.0,2011.0,75,SWE,8476341,L,198,G,Anton Forsberg
2002-01-04,78.0,2021.0,73,BLR,8482783,L,185,G,Aleksei Kolosov
1992-08-14,84.0,2010.0,74,CAN,8475809,L,201,G,Scott Wedgewood
1994-04-28,62.0,2012.0,76,FIN,8476914,L,200,G,Joonas Korpisalo
1995-12-08,36.0,2014.0,76,USA,8477967,L,192,G,Thatcher Demko
2001-04-19,13.0,2019.0,75,USA,8481519,L,191,G,Spencer Knight
1999-03-09,54.0,2017.0,77,FIN,8480045,L,223,G,Ukko-Pekka Luukkonen
1999-08-11,199.0,2017.0,75,USA,8480051,L,205,G,Cayden Primeau
2001-05-27,136.0,2020.0,76,CZE,8482487,L,215,G,Jakub Dobes
1996-05-11,76.0,2015.0,76,CAN,8478499,L,222,G,Adin Hill
2001-02-05,202.0,2019.0,73,CAN,8481529,L,185,G,Trent Miner
2002-06-16,11.0,2020.0,75,RUS,8482137,R,180,G,Yaroslav Askarov
1988-09-20,,,74,RUS,8475683,L,180,G,Sergei Bobrovsky
1995-12-30,118.0,2014.0,73,RUS,8478048,L,199,G,Igor Shesterkin
1993-12-18,,,74,USA,8479292,R,190,G,Charlie Lindgren
1996-05-25,145.0,2015.0,76,CZE,8478872,R,221,G,Karel Vejmelka
1991-11-25,112.0,2010.0,73,DEU,8475831,L,188,G,Philipp Grubauer
2001-03-30,,,72,CAN,8482982,L,188,G,Jet Greaves
1992-02-14,141.0,2010.0,74,CZE,8475852,L,192,G,Petr Mrazek
2000-03-11,64.0,2018.0,76,FIN,8481020,L,210,G,Justus Annunen
1986-01-21,72.0,2005.0,73,USA,8471734,L,219,G,Jonathan Quick
1990-05-05,161.0,2009.0,77,CAN,8475311,L,215,G,Darcy Kuemper
1999-03-27,86.0,2017.0,77,RUS,8480193,L,203,G,Daniil Tarasov
1992-04-15,49.0,2010.0,73,CAN,8475717,L,206,G,Calvin Pickard
1987-07-05,,,75,CAN,8475660,L,202,G,Cam Talbot
2002-08-13,71.0,2020.0,74,FIN,8482447,L,196,G,Leevi Meriläinen
1995-09-19,61.0,2014.0,77,SWE,8477992,L,220,G,Jonas Johansson
2001-04-16,214.0,2019.0,72,USA,8481692,L,166,G,Dustin Wolf
2002-11-14,20.0,2021.0,75,SWE,8482661,L,214,G,Jesper Wallstedt
1999-08-19,,,75,SWE,8482821,L,180,G,Arvid Soderblom
1998-11-24,111.0,2017.0,75,USA,8480280,L,195,G,Jeremy Swayman
1997-02-25,,,76,CAN,8480313,R,207,G,Logan Thompson
1990-08-07,34.0,2008.0,74,CAN,8474596,L,197,G,Jake Allen
1993-07-31,163.0,2012.0,76,SWE,8476999,L,223,G,Linus Ullmark
2000-07-30,107.0,2018.0,77,CAN,8480981,L,193,G,Joel Hofer
1995-08-04,78.0,2014.0,75,RUS,8478009,L,189,G,Ilya Sorokin
1995-04-28,,,74,FIN,8480947,L,190,G,Kevin Lankinen
1991-08-13,,,72,USA,8479193,L,188,G,Casey DeSmith
1997-08-20,75.0,2015.0,77,CZE,8478435,L,209,G,Dan Vladar
1996-01-07,37.0,2014.0,72,USA,8477968,L,205,G,Alex Nedeljkovic
2000-12-22,84.0,2020.0,76,CAN,8482076,L,205,G,Nico Daws
1997-05-25,,,77,USA,8482445,L,192,G,Devin Cooley
1994-05-25,83.0,2012.0,77,CAN,8476899,L,220,G,Matt Murray
1994-04-13,76.0,2014.0,75,LVA,8478007,L,190,G,Elvis Merzlikins
1998-06-07,55.0,2016.0,74,SWE,8479406,L,184,G,Filip Gustavsson
1993-07-14,39.0,2011.0,75,USA,8476434,L,209,G,John Gibson
1995-07-06,59.0,2013.0,73,CAN,8477480,L,190,G,Eric Comrie
1998-12-18,26.0,2017.0,78,USA,8479979,L,225,G,Jake Oettinger
1998-11-01,78.0,2017.0,76,CAN,8479973,L,215,G,Stuart Skinner
2000-06-22,85.0,2018.0,74,CZE,8480843,L,190,G,Lukas Dostal
2000-10-05,93.0,2019.0,73,CAN,8481551,L,191,G,Colten Ellis
1998-06-25,,,76,USA,8483548,R,218,G,Brandon Bussi
1999-10-20,143.0,2018.0,75,SWE,8481035,L,194,G,Samuel Ersson
1996-10-30,77.0,2015.0,75,CAN,8478470,L,218,G,Sam Montembeault
